Sonnet,GPT-3.5 Turbo,GPT-4 Turbo,WizardCoder,Gemini 1.0,GPT-4
Gemini 1.0,WizardCoder,Sonnet,GPT-3.5 Turbo,GPT-4,GPT-4 Turbo
GPT-4,WizardCoder,GPT-4 Turbo,Gemini 1.0,Sonnet,GPT-3.5 Turbo
Sonnet,GPT-3.5 Turbo,WizardCoder,GPT-4 Turbo,Gemini 1.0,GPT-4
GPT-4,WizardCoder,Gemini 1.0,Sonnet,GPT-3.5 Turbo,GPT-4 Turbo
Sonnet,WizardCoder,GPT-4 Turbo,Gemini 1.0,GPT-3.5 Turbo,GPT-4
GPT-4 Turbo,GPT-3.5 Turbo,Sonnet,WizardCoder,Gemini 1.0,GPT-4
GPT-4,GPT-3.5 Turbo,GPT-4 Turbo,WizardCoder,Sonnet,Gemini 1.0
Gemini 1.0,WizardCoder,GPT-3.5 Turbo,GPT-4 Turbo,GPT-4,Sonnet
Sonnet,GPT-3.5 Turbo,GPT-4 Turbo,Gemini 1.0,GPT-4,WizardCoder
GPT-3.5 Turbo,GPT-4,WizardCoder,Gemini 1.0,Sonnet,GPT-4 Turbo
GPT-3.5 Turbo,Sonnet,WizardCoder,Gemini 1.0,GPT-4 Turbo,GPT-4
GPT-4 Turbo,GPT-4,Gemini 1.0,Sonnet,GPT-3.5 Turbo,WizardCoder
GPT-3.5 Turbo,Gemini 1.0,Sonnet,GPT-4,GPT-4 Turbo,WizardCoder
WizardCoder,GPT-4,GPT-3.5 Turbo,Sonnet,Gemini 1.0,GPT-4 Turbo
GPT-4,WizardCoder,Gemini 1.0,Sonnet,GPT-3.5 Turbo,GPT-4 Turbo
Gemini 1.0,GPT-3.5 Turbo,GPT-4 Turbo,Sonnet,GPT-4,WizardCoder
GPT-4,WizardCoder,GPT-3.5 Turbo,Gemini 1.0,GPT-4 Turbo,Sonnet
GPT-3.5 Turbo,Gemini 1.0,GPT-4,GPT-4 Turbo,Sonnet,WizardCoder
GPT-4 Turbo,Gemini 1.0,GPT-3.5 Turbo,WizardCoder,GPT-4,Sonnet
Gemini 1.0,WizardCoder,Sonnet,GPT-3.5 Turbo,GPT-4 Turbo,GPT-4
WizardCoder,GPT-4 Turbo,GPT-4,Gemini 1.0,GPT-3.5 Turbo,Sonnet
WizardCoder,Gemini 1.0,GPT-4 Turbo,Sonnet,GPT-3.5 Turbo,GPT-4
GPT-3.5 Turbo,GPT-4 Turbo,WizardCoder,Sonnet,GPT-4,Gemini 1.0
Sonnet,GPT-4,GPT-3.5 Turbo,GPT-4 Turbo,Gemini 1.0,WizardCoder
GPT-4,GPT-4 Turbo,GPT-3.5 Turbo,Sonnet,Gemini 1.0,WizardCoder
GPT-4 Turbo,WizardCoder,Sonnet,GPT-4,Gemini 1.0,GPT-3.5 Turbo
GPT-4,WizardCoder,GPT-3.5 Turbo,Sonnet,Gemini 1.0,GPT-4 Turbo
Sonnet,GPT-3.5 Turbo,GPT-4,Gemini 1.0,GPT-4 Turbo,WizardCoder
GPT-4,WizardCoder,GPT-3.5 Turbo,Gemini 1.0,Sonnet,GPT-4 Turbo
GPT-4,GPT-4 Turbo,WizardCoder,GPT-3.5 Turbo,Gemini 1.0,Sonnet
WizardCoder,GPT-3.5 Turbo,Sonnet,GPT-4 Turbo,GPT-4,Gemini 1.0
WizardCoder,GPT-3.5 Turbo,GPT-4 Turbo,Gemini 1.0,GPT-4,Sonnet
GPT-3.5 Turbo,Gemini 1.0,GPT-4 Turbo,GPT-4,WizardCoder,Sonnet
GPT-4,GPT-4 Turbo,Gemini 1.0,GPT-3.5 Turbo,Sonnet,WizardCoder
GPT-3.5 Turbo,GPT-4,Gemini 1.0,GPT-4 Turbo,WizardCoder,Sonnet
Sonnet,Gemini 1.0,GPT-3.5 Turbo,WizardCoder,GPT-4,GPT-4 Turbo
GPT-4 Turbo,GPT-3.5 Turbo,Sonnet,GPT-4,Gemini 1.0,WizardCoder
GPT-4,Sonnet,WizardCoder,GPT-3.5 Turbo,Gemini 1.0,GPT-4 Turbo
Gemini 1.0,GPT-3.5 Turbo,WizardCoder,GPT-4 Turbo,GPT-4,Sonnet
GPT-4,Sonnet,Gemini 1.0,GPT-3.5 Turbo,GPT-4 Turbo,WizardCoder
GPT-3.5 Turbo,WizardCoder,GPT-4 Turbo,Sonnet,GPT-4,Gemini 1.0
GPT-4,Sonnet,GPT-3.5 Turbo,WizardCoder,GPT-4 Turbo,Gemini 1.0
GPT-4 Turbo,Gemini 1.0,WizardCoder,GPT-4,GPT-3.5 Turbo,Sonnet
GPT-4 Turbo,Gemini 1.0,GPT-4,WizardCoder,Sonnet,GPT-3.5 Turbo
Sonnet,GPT-4 Turbo,Gemini 1.0,GPT-3.5 Turbo,WizardCoder,GPT-4
Gemini 1.0,GPT-4,GPT-4 Turbo,WizardCoder,Sonnet,GPT-3.5 Turbo
GPT-4,Gemini 1.0,WizardCoder,Sonnet,GPT-4 Turbo,GPT-3.5 Turbo
Sonnet,GPT-4,Gemini 1.0,WizardCoder,GPT-3.5 Turbo,GPT-4 Turbo
WizardCoder,GPT-4,GPT-3.5 Turbo,Sonnet,GPT-4 Turbo,Gemini 1.0
GPT-4 Turbo,GPT-3.5 Turbo,Gemini 1.0,WizardCoder,Sonnet,GPT-4
Sonnet,Gemini 1.0,GPT-4 Turbo,GPT-4,GPT-3.5 Turbo,WizardCoder
WizardCoder,GPT-3.5 Turbo,GPT-4 Turbo,Sonnet,Gemini 1.0,GPT-4
Gemini 1.0,Sonnet,GPT-3.5 Turbo,GPT-4,GPT-4 Turbo,WizardCoder
WizardCoder,Sonnet,GPT-4 Turbo,Gemini 1.0,GPT-4,GPT-3.5 Turbo
Sonnet,Gemini 1.0,GPT-3.5 Turbo,GPT-4,WizardCoder,GPT-4 Turbo
WizardCoder,GPT-4,GPT-3.5 Turbo,Gemini 1.0,Sonnet,GPT-4 Turbo
Sonnet,GPT-4,Gemini 1.0,GPT-3.5 Turbo,WizardCoder,GPT-4 Turbo
Sonnet,GPT-4 Turbo,WizardCoder,GPT-3.5 Turbo,Gemini 1.0,GPT-4
Sonnet,WizardCoder,GPT-4 Turbo,GPT-3.5 Turbo,Gemini 1.0,GPT-4
Sonnet,WizardCoder,GPT-4,GPT-4 Turbo,GPT-3.5 Turbo,Gemini 1.0
GPT-4,WizardCoder,GPT-3.5 Turbo,Sonnet,GPT-4 Turbo,Gemini 1.0
GPT-4 Turbo,GPT-3.5 Turbo,GPT-4,WizardCoder,Gemini 1.0,Sonnet
GPT-4,Sonnet,WizardCoder,Gemini 1.0,GPT-4 Turbo,GPT-3.5 Turbo
WizardCoder,GPT-3.5 Turbo,GPT-4,Sonnet,GPT-4 Turbo,Gemini 1.0
Gemini 1.0,WizardCoder,Sonnet,GPT-4,GPT-4 Turbo,GPT-3.5 Turbo
GPT-4 Turbo,Gemini 1.0,GPT-3.5 Turbo,GPT-4,WizardCoder,Sonnet
GPT-4,Gemini 1.0,WizardCoder,GPT-4 Turbo,GPT-3.5 Turbo,Sonnet
Gemini 1.0,GPT-4,GPT-4 Turbo,WizardCoder,GPT-3.5 Turbo,Sonnet
GPT-4,WizardCoder,GPT-3.5 Turbo,Gemini 1.0,GPT-4 Turbo,Sonnet
GPT-3.5 Turbo,Gemini 1.0,Sonnet,GPT-4 Turbo,WizardCoder,GPT-4
GPT-3.5 Turbo,Sonnet,GPT-4 Turbo,GPT-4,Gemini 1.0,WizardCoder
GPT-3.5 Turbo,Gemini 1.0,Sonnet,GPT-4 Turbo,GPT-4,WizardCoder
GPT-4,Sonnet,WizardCoder,GPT-4 Turbo,Gemini 1.0,GPT-3.5 Turbo
Sonnet,Gemini 1.0,GPT-3.5 Turbo,GPT-4 Turbo,WizardCoder,GPT-4
Sonnet,Gemini 1.0,GPT-3.5 Turbo,GPT-4,WizardCoder,GPT-4 Turbo
Gemini 1.0,Sonnet,WizardCoder,GPT-4 Turbo,GPT-4,GPT-3.5 Turbo
GPT-4 Turbo,Sonnet,WizardCoder,Gemini 1.0,GPT-3.5 Turbo,GPT-4
GPT-4 Turbo,Sonnet,WizardCoder,GPT-4,Gemini 1.0,GPT-3.5 Turbo
GPT-3.5 Turbo,Gemini 1.0,Sonnet,GPT-4 Turbo,GPT-4,WizardCoder
WizardCoder,Gemini 1.0,GPT-4,GPT-4 Turbo,GPT-3.5 Turbo,Sonnet
Gemini 1.0,GPT-4,WizardCoder,GPT-4 Turbo,Sonnet,GPT-3.5 Turbo
Sonnet,GPT-4,GPT-3.5 Turbo,WizardCoder,Gemini 1.0,GPT-4 Turbo
Gemini 1.0,Sonnet,GPT-4 Turbo,WizardCoder,GPT-3.5 Turbo,GPT-4
WizardCoder,Gemini 1.0,GPT-4 Turbo,GPT-4,GPT-3.5 Turbo,Sonnet
GPT-4,Sonnet,GPT-4 Turbo,Gemini 1.0,WizardCoder,GPT-3.5 Turbo
WizardCoder,Gemini 1.0,GPT-4 Turbo,GPT-3.5 Turbo,Sonnet,GPT-4
WizardCoder,GPT-3.5 Turbo,Gemini 1.0,GPT-4,Sonnet,GPT-4 Turbo
Gemini 1.0,GPT-4 Turbo,Sonnet,WizardCoder,GPT-3.5 Turbo,GPT-4
GPT-4,Sonnet,Gemini 1.0,GPT-3.5 Turbo,GPT-4 Turbo,WizardCoder
GPT-4 Turbo,GPT-3.5 Turbo,GPT-4,Sonnet,Gemini 1.0,WizardCoder
GPT-4 Turbo,WizardCoder,Gemini 1.0,GPT-4,GPT-3.5 Turbo,Sonnet
GPT-3.5 Turbo,WizardCoder,GPT-4 Turbo,GPT-4,Gemini 1.0,Sonnet
GPT-4 Turbo,GPT-4,Gemini 1.0,WizardCoder,GPT-3.5 Turbo,Sonnet
Gemini 1.0,WizardCoder,GPT-4 Turbo,GPT-3.5 Turbo,Sonnet,GPT-4
Sonnet,GPT-3.5 Turbo,GPT-4 Turbo,WizardCoder,GPT-4,Gemini 1.0
GPT-4,Gemini 1.0,Sonnet,GPT-3.5 Turbo,GPT-4 Turbo,WizardCoder
GPT-4,GPT-3.5 Turbo,Sonnet,GPT-4 Turbo,WizardCoder,Gemini 1.0
WizardCoder,GPT-4 Turbo,Sonnet,GPT-4,GPT-3.5 Turbo,Gemini 1.0
GPT-4,Sonnet,Gemini 1.0,GPT-4 Turbo,WizardCoder,GPT-3.5 Turbo
